,Position,Sequence,accession,Next value,Previous,difference_next_and_position,difference_previous_and_position
163,1870,LCSGFVR,P01009,1877.0,1853.0,7.0,17.0
164,1877,ICMDEDGNEK,P01009,1887.0,1870.0,10.0,7.0
165,1887,RPGDVWTLPDQCHTVTCQPDGQTLLK,P01009,1921.0,1877.0,34.0,10.0
168,1921,GLRPSCPNSQSPVK,P01009,1935.0,1887.0,14.0,34.0
169,1935,VEETCGCR,P01009,1943.0,1921.0,8.0,14.0
170,1943,WTCPCVCTGSSTR,P01009,1956.0,1935.0,13.0,8.0
171,1956,HIVTFDGQNFK,P01009,1967.0,1943.0,11.0,13.0
172,1967,LTGSCSYVLFQNK,P01009,1980.0,1956.0,13.0,11.0
173,1980,EQDLEVILHNGACSPGAR,P01009,2008.0,1967.0,28.0,13.0
176,2008,HSALSVELHSDMEVTVNGR,P01009,2027.0,1980.0,19.0,28.0
177,2027,LVSVPYVGGNMEVNVYGAIMHEVR,P01009,2051.0,2008.0,24.0,19.0
178,2051,FNHLGHIFTFTPQNNEFQLQLSPK,P01009,2080.0,2027.0,29.0,24.0
180,2080,TYGLCGICDENGANDFMLR,P01009,2099.0,2051.0,19.0,29.0
181,2099,DGTVTTDWK,P01009,2108.0,2080.0,9.0,19.0
182,2108,TLVQEWTVQRPGQTCQPILEEQCLVPDSSHCQVLLLPLFAECHK,P01009,2152.0,2099.0,44.0,9.0
183,2152,VLAPATFYAICQQDSCHQEQVCEVIASYAHLCR,P01009,2185.0,2108.0,33.0,44.0
184,2185,TNGVCVDWR,P01009,2194.0,2152.0,9.0,33.0
185,2194,TPDFCAMSCPPSLVYNHCEHGCPR,P01009,2218.0,2185.0,24.0,9.0
186,2218,HCDGNVSSCGDHPSEGCFCPPDK,P01009,2241.0,2194.0,23.0,24.0
187,2241,VMLEGSCVPEEACTQCIGEDGVQHQFLEAWVPDHQPCQICTCLSGR,P01009,2288.0,2218.0,47.0,23.0
189,2288,VNCTTQPCPTAK,P01009,2300.0,2241.0,12.0,47.0
190,2300,APTCGLCEVAR,P01009,2313.0,2288.0,13.0,12.0
192,2313,QNADQCCPEYECVCDPVSCDLPPVPHCER,P01009,2342.0,2300.0,29.0,13.0
193,2342,GLQPTLTNPGECRPNFTCACR,P01009,2369.0,2313.0,27.0,29.0
197,2369,VSPPSCPPHR,P01009,2385.0,2342.0,16.0,27.0
200,2385,TQCCDEYECACNCVNSTVSCPLGYLASTATNDCGCTTTTCLPDK,P01009,2434.0,2369.0,49.0,16.0
202,2434,STIYPVGQFWEEGCDVCTCTDMEDAVMGLR,P01009,2464.0,2385.0,30.0,49.0
203,2464,VAQCSQKPCEDSCR,P01009,2478.0,2434.0,14.0,30.0
204,2478,SGFTYVLHEGECCGR,P01009,2493.0,2464.0,15.0,14.0
205,2493,CLPSACEVVTGSPR,P01009,2507.0,2478.0,14.0,15.0
206,2507,GDSQSSWK,P01009,2515.0,2493.0,8.0,14.0
207,2515,SVGSQWASPENPCLINECVR,P01009,2537.0,2507.0,22.0,8.0
209,2537,EEVFIQQR,P01009,2545.0,2515.0,8.0,22.0
210,2545,NVSCPQLEVPVCPSGFQLSCK,P01009,2566.0,2537.0,21.0,8.0
211,2566,TSACCPSCR,P01009,2578.0,2545.0,12.0,21.0
213,2578,MEACMLNGTVIGPGK,P01009,2593.0,2566.0,15.0,12.0
214,2593,TVMIDVCTTCR,P01009,2604.0,2578.0,11.0,15.0
215,2604,CMVQVGVISGFK,P01009,2621.0,2593.0,17.0,11.0
218,2621,TTCNPCPLGYK,P01009,2632.0,2604.0,11.0,17.0
219,2632,EENNTGECCGR,P01009,2643.0,2621.0,11.0,11.0
220,2643,CLPTACTIQLR,P01009,2654.0,2632.0,11.0,11.0
221,2654,GGQIMTLK,P01009,2663.0,2643.0,9.0,11.0
223,2663,DETLQDGCDTHFCK,P01009,2681.0,2654.0,18.0,9.0
225,2681,GEYFWEK,P01009,2689.0,2663.0,8.0,18.0
227,2689,VTGCPPFDEHK,P01009,2700.0,2681.0,11.0,8.0
228,2700,CLAEGGK,P01009,2710.0,2689.0,10.0,11.0
230,2710,IPGTCCDTCEEPECNDITAR,P01009,2740.0,2700.0,30.0,10.0
233,2740,SEVEVDIHYCQGK,P01009,2757.0,2710.0,17.0,30.0
235,2757,AMYSIDINDVQDQCSCCSPTR,P01009,2778.0,2740.0,21.0,17.0
236,2778,TEPMQVALHCTNGSVVYHEVLNAMECK,P01009,5.0,2757.0,-2773.0,21.0
163,1870,LCSGFVR,P01008,1877.0,1853.0,7.0,17.0
164,1877,ICMDEDGNEK,P01008,1887.0,1870.0,10.0,7.0
165,1887,RPGDVWTLPDQCHTVTCQPDGQTLLK,P01008,1921.0,1877.0,34.0,10.0
168,1921,GLRPSCPNSQSPVK,P01008,1935.0,1887.0,14.0,34.0
169,1935,VEETCGCR,P01008,1943.0,1921.0,8.0,14.0
170,1943,WTCPCVCTGSSTR,P01008,1956.0,1935.0,13.0,8.0
171,1956,HIVTFDGQNFK,P01008,1967.0,1943.0,11.0,13.0
172,1967,LTGSCSYVLFQNK,P01008,1980.0,1956.0,13.0,11.0
173,1980,EQDLEVILHNGACSPGAR,P01008,2008.0,1967.0,28.0,13.0
176,2008,HSALSVELHSDMEVTVNGR,P01008,2027.0,1980.0,19.0,28.0
177,2027,LVSVPYVGGNMEVNVYGAIMHEVR,P01008,2051.0,2008.0,24.0,19.0
178,2051,FNHLGHIFTFTPQNNEFQLQLSPK,P01008,2080.0,2027.0,29.0,24.0
180,2080,TYGLCGICDENGANDFMLR,P01008,2099.0,2051.0,19.0,29.0
181,2099,DGTVTTDWK,P01008,2108.0,2080.0,9.0,19.0
182,2108,TLVQEWTVQRPGQTCQPILEEQCLVPDSSHCQVLLLPLFAECHK,P01008,2152.0,2099.0,44.0,9.0
183,2152,VLAPATFYAICQQDSCHQEQVCEVIASYAHLCR,P01008,2185.0,2108.0,33.0,44.0
184,2185,TNGVCVDWR,P01008,2194.0,2152.0,9.0,33.0
185,2194,TPDFCAMSCPPSLVYNHCEHGCPR,P01008,2218.0,2185.0,24.0,9.0
186,2218,HCDGNVSSCGDHPSEGCFCPPDK,P01008,2241.0,2194.0,23.0,24.0
187,2241,VMLEGSCVPEEACTQCIGEDGVQHQFLEAWVPDHQPCQICTCLSGR,P01008,2288.0,2218.0,47.0,23.0
189,2288,VNCTTQPCPTAK,P01008,2300.0,2241.0,12.0,47.0
190,2300,APTCGLCEVAR,P01008,2313.0,2288.0,13.0,12.0
192,2313,QNADQCCPEYECVCDPVSCDLPPVPHCER,P01008,2342.0,2300.0,29.0,13.0
193,2342,GLQPTLTNPGECRPNFTCACR,P01008,2369.0,2313.0,27.0,29.0
197,2369,VSPPSCPPHR,P01008,2385.0,2342.0,16.0,27.0
200,2385,TQCCDEYECACNCVNSTVSCPLGYLASTATNDCGCTTTTCLPDK,P01008,2434.0,2369.0,49.0,16.0
202,2434,STIYPVGQFWEEGCDVCTCTDMEDAVMGLR,P01008,2464.0,2385.0,30.0,49.0
203,2464,VAQCSQKPCEDSCR,P01008,2478.0,2434.0,14.0,30.0
204,2478,SGFTYVLHEGECCGR,P01008,2493.0,2464.0,15.0,14.0
205,2493,CLPSACEVVTGSPR,P01008,2507.0,2478.0,14.0,15.0
206,2507,GDSQSSWK,P01008,2515.0,2493.0,8.0,14.0
207,2515,SVGSQWASPENPCLINECVR,P01008,2537.0,2507.0,22.0,8.0
209,2537,EEVFIQQR,P01008,2545.0,2515.0,8.0,22.0
210,2545,NVSCPQLEVPVCPSGFQLSCK,P01008,2566.0,2537.0,21.0,8.0
211,2566,TSACCPSCR,P01008,2578.0,2545.0,12.0,21.0
213,2578,MEACMLNGTVIGPGK,P01008,2593.0,2566.0,15.0,12.0
214,2593,TVMIDVCTTCR,P01008,2604.0,2578.0,11.0,15.0
215,2604,CMVQVGVISGFK,P01008,2621.0,2593.0,17.0,11.0
218,2621,TTCNPCPLGYK,P01008,2632.0,2604.0,11.0,17.0
219,2632,EENNTGECCGR,P01008,2643.0,2621.0,11.0,11.0
220,2643,CLPTACTIQLR,P01008,2654.0,2632.0,11.0,11.0
221,2654,GGQIMTLK,P01008,2663.0,2643.0,9.0,11.0
223,2663,DETLQDGCDTHFCK,P01008,2681.0,2654.0,18.0,9.0
225,2681,GEYFWEK,P01008,2689.0,2663.0,8.0,18.0
227,2689,VTGCPPFDEHK,P01008,2700.0,2681.0,11.0,8.0
228,2700,CLAEGGK,P01008,2710.0,2689.0,10.0,11.0
230,2710,IPGTCCDTCEEPECNDITAR,P01008,2740.0,2700.0,30.0,10.0
233,2740,SEVEVDIHYCQGK,P01008,2757.0,2710.0,17.0,30.0
235,2757,AMYSIDINDVQDQCSCCSPTR,P01008,2778.0,2740.0,21.0,17.0
236,2778,TEPMQVALHCTNGSVVYHEVLNAMECK,P01008,5.0,2757.0,-2773.0,21.0
163,1870,LCSGFVR,P02765,1877.0,1853.0,7.0,17.0
164,1877,ICMDEDGNEK,P02765,1887.0,1870.0,10.0,7.0
165,1887,RPGDVWTLPDQCHTVTCQPDGQTLLK,P02765,1921.0,1877.0,34.0,10.0
168,1921,GLRPSCPNSQSPVK,P02765,1935.0,1887.0,14.0,34.0
169,1935,VEETCGCR,P02765,1943.0,1921.0,8.0,14.0
170,1943,WTCPCVCTGSSTR,P02765,1956.0,1935.0,13.0,8.0
171,1956,HIVTFDGQNFK,P02765,1967.0,1943.0,11.0,13.0
172,1967,LTGSCSYVLFQNK,P02765,1980.0,1956.0,13.0,11.0
173,1980,EQDLEVILHNGACSPGAR,P02765,2008.0,1967.0,28.0,13.0
176,2008,HSALSVELHSDMEVTVNGR,P02765,2027.0,1980.0,19.0,28.0
177,2027,LVSVPYVGGNMEVNVYGAIMHEVR,P02765,2051.0,2008.0,24.0,19.0
178,2051,FNHLGHIFTFTPQNNEFQLQLSPK,P02765,2080.0,2027.0,29.0,24.0
180,2080,TYGLCGICDENGANDFMLR,P02765,2099.0,2051.0,19.0,29.0
181,2099,DGTVTTDWK,P02765,2108.0,2080.0,9.0,19.0
182,2108,TLVQEWTVQRPGQTCQPILEEQCLVPDSSHCQVLLLPLFAECHK,P02765,2152.0,2099.0,44.0,9.0
183,2152,VLAPATFYAICQQDSCHQEQVCEVIASYAHLCR,P02765,2185.0,2108.0,33.0,44.0
184,2185,TNGVCVDWR,P02765,2194.0,2152.0,9.0,33.0
185,2194,TPDFCAMSCPPSLVYNHCEHGCPR,P02765,2218.0,2185.0,24.0,9.0
186,2218,HCDGNVSSCGDHPSEGCFCPPDK,P02765,2241.0,2194.0,23.0,24.0
187,2241,VMLEGSCVPEEACTQCIGEDGVQHQFLEAWVPDHQPCQICTCLSGR,P02765,2288.0,2218.0,47.0,23.0
189,2288,VNCTTQPCPTAK,P02765,2300.0,2241.0,12.0,47.0
190,2300,APTCGLCEVAR,P02765,2313.0,2288.0,13.0,12.0
192,2313,QNADQCCPEYECVCDPVSCDLPPVPHCER,P02765,2342.0,2300.0,29.0,13.0
193,2342,GLQPTLTNPGECRPNFTCACR,P02765,2369.0,2313.0,27.0,29.0
197,2369,VSPPSCPPHR,P02765,2385.0,2342.0,16.0,27.0
200,2385,TQCCDEYECACNCVNSTVSCPLGYLASTATNDCGCTTTTCLPDK,P02765,2434.0,2369.0,49.0,16.0
202,2434,STIYPVGQFWEEGCDVCTCTDMEDAVMGLR,P02765,2464.0,2385.0,30.0,49.0
203,2464,VAQCSQKPCEDSCR,P02765,2478.0,2434.0,14.0,30.0
204,2478,SGFTYVLHEGECCGR,P02765,2493.0,2464.0,15.0,14.0
205,2493,CLPSACEVVTGSPR,P02765,2507.0,2478.0,14.0,15.0
206,2507,GDSQSSWK,P02765,2515.0,2493.0,8.0,14.0
207,2515,SVGSQWASPENPCLINECVR,P02765,2537.0,2507.0,22.0,8.0
209,2537,EEVFIQQR,P02765,2545.0,2515.0,8.0,22.0
210,2545,NVSCPQLEVPVCPSGFQLSCK,P02765,2566.0,2537.0,21.0,8.0
211,2566,TSACCPSCR,P02765,2578.0,2545.0,12.0,21.0
213,2578,MEACMLNGTVIGPGK,P02765,2593.0,2566.0,15.0,12.0
214,2593,TVMIDVCTTCR,P02765,2604.0,2578.0,11.0,15.0
215,2604,CMVQVGVISGFK,P02765,2621.0,2593.0,17.0,11.0
218,2621,TTCNPCPLGYK,P02765,2632.0,2604.0,11.0,17.0
219,2632,EENNTGECCGR,P02765,2643.0,2621.0,11.0,11.0
220,2643,CLPTACTIQLR,P02765,2654.0,2632.0,11.0,11.0
221,2654,GGQIMTLK,P02765,2663.0,2643.0,9.0,11.0
223,2663,DETLQDGCDTHFCK,P02765,2681.0,2654.0,18.0,9.0
225,2681,GEYFWEK,P02765,2689.0,2663.0,8.0,18.0
227,2689,VTGCPPFDEHK,P02765,2700.0,2681.0,11.0,8.0
228,2700,CLAEGGK,P02765,2710.0,2689.0,10.0,11.0
230,2710,IPGTCCDTCEEPECNDITAR,P02765,2740.0,2700.0,30.0,10.0
233,2740,SEVEVDIHYCQGK,P02765,2757.0,2710.0,17.0,30.0
235,2757,AMYSIDINDVQDQCSCCSPTR,P02765,2778.0,2740.0,21.0,17.0
236,2778,TEPMQVALHCTNGSVVYHEVLNAMECK,P02765,5.0,2757.0,-2773.0,21.0
163,1870,LCSGFVR,P02766,1877.0,1853.0,7.0,17.0
164,1877,ICMDEDGNEK,P02766,1887.0,1870.0,10.0,7.0
165,1887,RPGDVWTLPDQCHTVTCQPDGQTLLK,P02766,1921.0,1877.0,34.0,10.0
168,1921,GLRPSCPNSQSPVK,P02766,1935.0,1887.0,14.0,34.0
169,1935,VEETCGCR,P02766,1943.0,1921.0,8.0,14.0
170,1943,WTCPCVCTGSSTR,P02766,1956.0,1935.0,13.0,8.0
171,1956,HIVTFDGQNFK,P02766,1967.0,1943.0,11.0,13.0
172,1967,LTGSCSYVLFQNK,P02766,1980.0,1956.0,13.0,11.0
173,1980,EQDLEVILHNGACSPGAR,P02766,2008.0,1967.0,28.0,13.0
176,2008,HSALSVELHSDMEVTVNGR,P02766,2027.0,1980.0,19.0,28.0
177,2027,LVSVPYVGGNMEVNVYGAIMHEVR,P02766,2051.0,2008.0,24.0,19.0
178,2051,FNHLGHIFTFTPQNNEFQLQLSPK,P02766,2080.0,2027.0,29.0,24.0
180,2080,TYGLCGICDENGANDFMLR,P02766,2099.0,2051.0,19.0,29.0
181,2099,DGTVTTDWK,P02766,2108.0,2080.0,9.0,19.0
182,2108,TLVQEWTVQRPGQTCQPILEEQCLVPDSSHCQVLLLPLFAECHK,P02766,2152.0,2099.0,44.0,9.0
183,2152,VLAPATFYAICQQDSCHQEQVCEVIASYAHLCR,P02766,2185.0,2108.0,33.0,44.0
184,2185,TNGVCVDWR,P02766,2194.0,2152.0,9.0,33.0
185,2194,TPDFCAMSCPPSLVYNHCEHGCPR,P02766,2218.0,2185.0,24.0,9.0
186,2218,HCDGNVSSCGDHPSEGCFCPPDK,P02766,2241.0,2194.0,23.0,24.0
187,2241,VMLEGSCVPEEACTQCIGEDGVQHQFLEAWVPDHQPCQICTCLSGR,P02766,2288.0,2218.0,47.0,23.0
189,2288,VNCTTQPCPTAK,P02766,2300.0,2241.0,12.0,47.0
190,2300,APTCGLCEVAR,P02766,2313.0,2288.0,13.0,12.0
192,2313,QNADQCCPEYECVCDPVSCDLPPVPHCER,P02766,2342.0,2300.0,29.0,13.0
193,2342,GLQPTLTNPGECRPNFTCACR,P02766,2369.0,2313.0,27.0,29.0
197,2369,VSPPSCPPHR,P02766,2385.0,2342.0,16.0,27.0
200,2385,TQCCDEYECACNCVNSTVSCPLGYLASTATNDCGCTTTTCLPDK,P02766,2434.0,2369.0,49.0,16.0
202,2434,STIYPVGQFWEEGCDVCTCTDMEDAVMGLR,P02766,2464.0,2385.0,30.0,49.0
203,2464,VAQCSQKPCEDSCR,P02766,2478.0,2434.0,14.0,30.0
204,2478,SGFTYVLHEGECCGR,P02766,2493.0,2464.0,15.0,14.0
205,2493,CLPSACEVVTGSPR,P02766,2507.0,2478.0,14.0,15.0
206,2507,GDSQSSWK,P02766,2515.0,2493.0,8.0,14.0
207,2515,SVGSQWASPENPCLINECVR,P02766,2537.0,2507.0,22.0,8.0
209,2537,EEVFIQQR,P02766,2545.0,2515.0,8.0,22.0
210,2545,NVSCPQLEVPVCPSGFQLSCK,P02766,2566.0,2537.0,21.0,8.0
211,2566,TSACCPSCR,P02766,2578.0,2545.0,12.0,21.0
213,2578,MEACMLNGTVIGPGK,P02766,2593.0,2566.0,15.0,12.0
214,2593,TVMIDVCTTCR,P02766,2604.0,2578.0,11.0,15.0
215,2604,CMVQVGVISGFK,P02766,2621.0,2593.0,17.0,11.0
218,2621,TTCNPCPLGYK,P02766,2632.0,2604.0,11.0,17.0
219,2632,EENNTGECCGR,P02766,2643.0,2621.0,11.0,11.0
220,2643,CLPTACTIQLR,P02766,2654.0,2632.0,11.0,11.0
221,2654,GGQIMTLK,P02766,2663.0,2643.0,9.0,11.0
223,2663,DETLQDGCDTHFCK,P02766,2681.0,2654.0,18.0,9.0
225,2681,GEYFWEK,P02766,2689.0,2663.0,8.0,18.0
227,2689,VTGCPPFDEHK,P02766,2700.0,2681.0,11.0,8.0
228,2700,CLAEGGK,P02766,2710.0,2689.0,10.0,11.0
230,2710,IPGTCCDTCEEPECNDITAR,P02766,2740.0,2700.0,30.0,10.0
233,2740,SEVEVDIHYCQGK,P02766,2757.0,2710.0,17.0,30.0
235,2757,AMYSIDINDVQDQCSCCSPTR,P02766,2778.0,2740.0,21.0,17.0
236,2778,TEPMQVALHCTNGSVVYHEVLNAMECK,P02766,5.0,2757.0,-2773.0,21.0
163,1870,LCSGFVR,P02787,1877.0,1853.0,7.0,17.0
164,1877,ICMDEDGNEK,P02787,1887.0,1870.0,10.0,7.0
165,1887,RPGDVWTLPDQCHTVTCQPDGQTLLK,P02787,1921.0,1877.0,34.0,10.0
168,1921,GLRPSCPNSQSPVK,P02787,1935.0,1887.0,14.0,34.0
169,1935,VEETCGCR,P02787,1943.0,1921.0,8.0,14.0
170,1943,WTCPCVCTGSSTR,P02787,1956.0,1935.0,13.0,8.0
171,1956,HIVTFDGQNFK,P02787,1967.0,1943.0,11.0,13.0
172,1967,LTGSCSYVLFQNK,P02787,1980.0,1956.0,13.0,11.0
173,1980,EQDLEVILHNGACSPGAR,P02787,2008.0,1967.0,28.0,13.0
176,2008,HSALSVELHSDMEVTVNGR,P02787,2027.0,1980.0,19.0,28.0
177,2027,LVSVPYVGGNMEVNVYGAIMHEVR,P02787,2051.0,2008.0,24.0,19.0
178,2051,FNHLGHIFTFTPQNNEFQLQLSPK,P02787,2080.0,2027.0,29.0,24.0
180,2080,TYGLCGICDENGANDFMLR,P02787,2099.0,2051.0,19.0,29.0
181,2099,DGTVTTDWK,P02787,2108.0,2080.0,9.0,19.0
182,2108,TLVQEWTVQRPGQTCQPILEEQCLVPDSSHCQVLLLPLFAECHK,P02787,2152.0,2099.0,44.0,9.0
183,2152,VLAPATFYAICQQDSCHQEQVCEVIASYAHLCR,P02787,2185.0,2108.0,33.0,44.0
184,2185,TNGVCVDWR,P02787,2194.0,2152.0,9.0,33.0
185,2194,TPDFCAMSCPPSLVYNHCEHGCPR,P02787,2218.0,2185.0,24.0,9.0
186,2218,HCDGNVSSCGDHPSEGCFCPPDK,P02787,2241.0,2194.0,23.0,24.0
187,2241,VMLEGSCVPEEACTQCIGEDGVQHQFLEAWVPDHQPCQICTCLSGR,P02787,2288.0,2218.0,47.0,23.0
189,2288,VNCTTQPCPTAK,P02787,2300.0,2241.0,12.0,47.0
190,2300,APTCGLCEVAR,P02787,2313.0,2288.0,13.0,12.0
192,2313,QNADQCCPEYECVCDPVSCDLPPVPHCER,P02787,2342.0,2300.0,29.0,13.0
193,2342,GLQPTLTNPGECRPNFTCACR,P02787,2369.0,2313.0,27.0,29.0
197,2369,VSPPSCPPHR,P02787,2385.0,2342.0,16.0,27.0
200,2385,TQCCDEYECACNCVNSTVSCPLGYLASTATNDCGCTTTTCLPDK,P02787,2434.0,2369.0,49.0,16.0
202,2434,STIYPVGQFWEEGCDVCTCTDMEDAVMGLR,P02787,2464.0,2385.0,30.0,49.0
203,2464,VAQCSQKPCEDSCR,P02787,2478.0,2434.0,14.0,30.0
204,2478,SGFTYVLHEGECCGR,P02787,2493.0,2464.0,15.0,14.0
205,2493,CLPSACEVVTGSPR,P02787,2507.0,2478.0,14.0,15.0
206,2507,GDSQSSWK,P02787,2515.0,2493.0,8.0,14.0
207,2515,SVGSQWASPENPCLINECVR,P02787,2537.0,2507.0,22.0,8.0
209,2537,EEVFIQQR,P02787,2545.0,2515.0,8.0,22.0
210,2545,NVSCPQLEVPVCPSGFQLSCK,P02787,2566.0,2537.0,21.0,8.0
211,2566,TSACCPSCR,P02787,2578.0,2545.0,12.0,21.0
213,2578,MEACMLNGTVIGPGK,P02787,2593.0,2566.0,15.0,12.0
214,2593,TVMIDVCTTCR,P02787,2604.0,2578.0,11.0,15.0
215,2604,CMVQVGVISGFK,P02787,2621.0,2593.0,17.0,11.0
218,2621,TTCNPCPLGYK,P02787,2632.0,2604.0,11.0,17.0
219,2632,EENNTGECCGR,P02787,2643.0,2621.0,11.0,11.0
220,2643,CLPTACTIQLR,P02787,2654.0,2632.0,11.0,11.0
221,2654,GGQIMTLK,P02787,2663.0,2643.0,9.0,11.0
223,2663,DETLQDGCDTHFCK,P02787,2681.0,2654.0,18.0,9.0
225,2681,GEYFWEK,P02787,2689.0,2663.0,8.0,18.0
227,2689,VTGCPPFDEHK,P02787,2700.0,2681.0,11.0,8.0
228,2700,CLAEGGK,P02787,2710.0,2689.0,10.0,11.0
230,2710,IPGTCCDTCEEPECNDITAR,P02787,2740.0,2700.0,30.0,10.0
233,2740,SEVEVDIHYCQGK,P02787,2757.0,2710.0,17.0,30.0
235,2757,AMYSIDINDVQDQCSCCSPTR,P02787,2778.0,2740.0,21.0,17.0
236,2778,TEPMQVALHCTNGSVVYHEVLNAMECK,P02787,5.0,2757.0,-2773.0,21.0
163,1870,LCSGFVR,P05546,1877.0,1853.0,7.0,17.0
164,1877,ICMDEDGNEK,P05546,1887.0,1870.0,10.0,7.0
165,1887,RPGDVWTLPDQCHTVTCQPDGQTLLK,P05546,1921.0,1877.0,34.0,10.0
168,1921,GLRPSCPNSQSPVK,P05546,1935.0,1887.0,14.0,34.0
169,1935,VEETCGCR,P05546,1943.0,1921.0,8.0,14.0
170,1943,WTCPCVCTGSSTR,P05546,1956.0,1935.0,13.0,8.0
171,1956,HIVTFDGQNFK,P05546,1967.0,1943.0,11.0,13.0
172,1967,LTGSCSYVLFQNK,P05546,1980.0,1956.0,13.0,11.0
173,1980,EQDLEVILHNGACSPGAR,P05546,2008.0,1967.0,28.0,13.0
176,2008,HSALSVELHSDMEVTVNGR,P05546,2027.0,1980.0,19.0,28.0
177,2027,LVSVPYVGGNMEVNVYGAIMHEVR,P05546,2051.0,2008.0,24.0,19.0
178,2051,FNHLGHIFTFTPQNNEFQLQLSPK,P05546,2080.0,2027.0,29.0,24.0
180,2080,TYGLCGICDENGANDFMLR,P05546,2099.0,2051.0,19.0,29.0
181,2099,DGTVTTDWK,P05546,2108.0,2080.0,9.0,19.0
182,2108,TLVQEWTVQRPGQTCQPILEEQCLVPDSSHCQVLLLPLFAECHK,P05546,2152.0,2099.0,44.0,9.0
183,2152,VLAPATFYAICQQDSCHQEQVCEVIASYAHLCR,P05546,2185.0,2108.0,33.0,44.0
184,2185,TNGVCVDWR,P05546,2194.0,2152.0,9.0,33.0
185,2194,TPDFCAMSCPPSLVYNHCEHGCPR,P05546,2218.0,2185.0,24.0,9.0
186,2218,HCDGNVSSCGDHPSEGCFCPPDK,P05546,2241.0,2194.0,23.0,24.0
187,2241,VMLEGSCVPEEACTQCIGEDGVQHQFLEAWVPDHQPCQICTCLSGR,P05546,2288.0,2218.0,47.0,23.0
189,2288,VNCTTQPCPTAK,P05546,2300.0,2241.0,12.0,47.0
190,2300,APTCGLCEVAR,P05546,2313.0,2288.0,13.0,12.0
192,2313,QNADQCCPEYECVCDPVSCDLPPVPHCER,P05546,2342.0,2300.0,29.0,13.0
193,2342,GLQPTLTNPGECRPNFTCACR,P05546,2369.0,2313.0,27.0,29.0
197,2369,VSPPSCPPHR,P05546,2385.0,2342.0,16.0,27.0
200,2385,TQCCDEYECACNCVNSTVSCPLGYLASTATNDCGCTTTTCLPDK,P05546,2434.0,2369.0,49.0,16.0
202,2434,STIYPVGQFWEEGCDVCTCTDMEDAVMGLR,P05546,2464.0,2385.0,30.0,49.0
203,2464,VAQCSQKPCEDSCR,P05546,2478.0,2434.0,14.0,30.0
204,2478,SGFTYVLHEGECCGR,P05546,2493.0,2464.0,15.0,14.0
205,2493,CLPSACEVVTGSPR,P05546,2507.0,2478.0,14.0,15.0
206,2507,GDSQSSWK,P05546,2515.0,2493.0,8.0,14.0
207,2515,SVGSQWASPENPCLINECVR,P05546,2537.0,2507.0,22.0,8.0
209,2537,EEVFIQQR,P05546,2545.0,2515.0,8.0,22.0
210,2545,NVSCPQLEVPVCPSGFQLSCK,P05546,2566.0,2537.0,21.0,8.0
211,2566,TSACCPSCR,P05546,2578.0,2545.0,12.0,21.0
213,2578,MEACMLNGTVIGPGK,P05546,2593.0,2566.0,15.0,12.0
214,2593,TVMIDVCTTCR,P05546,2604.0,2578.0,11.0,15.0
215,2604,CMVQVGVISGFK,P05546,2621.0,2593.0,17.0,11.0
218,2621,TTCNPCPLGYK,P05546,2632.0,2604.0,11.0,17.0
219,2632,EENNTGECCGR,P05546,2643.0,2621.0,11.0,11.0
220,2643,CLPTACTIQLR,P05546,2654.0,2632.0,11.0,11.0
221,2654,GGQIMTLK,P05546,2663.0,2643.0,9.0,11.0
223,2663,DETLQDGCDTHFCK,P05546,2681.0,2654.0,18.0,9.0
225,2681,GEYFWEK,P05546,2689.0,2663.0,8.0,18.0
227,2689,VTGCPPFDEHK,P05546,2700.0,2681.0,11.0,8.0
228,2700,CLAEGGK,P05546,2710.0,2689.0,10.0,11.0
230,2710,IPGTCCDTCEEPECNDITAR,P05546,2740.0,2700.0,30.0,10.0
233,2740,SEVEVDIHYCQGK,P05546,2757.0,2710.0,17.0,30.0
235,2757,AMYSIDINDVQDQCSCCSPTR,P05546,2778.0,2740.0,21.0,17.0
236,2778,TEPMQVALHCTNGSVVYHEVLNAMECK,P05546,5.0,2757.0,-2773.0,21.0
163,1870,LCSGFVR,P04275,1877.0,1853.0,7.0,17.0
164,1877,ICMDEDGNEK,P04275,1887.0,1870.0,10.0,7.0
165,1887,RPGDVWTLPDQCHTVTCQPDGQTLLK,P04275,1921.0,1877.0,34.0,10.0
168,1921,GLRPSCPNSQSPVK,P04275,1935.0,1887.0,14.0,34.0
169,1935,VEETCGCR,P04275,1943.0,1921.0,8.0,14.0
170,1943,WTCPCVCTGSSTR,P04275,1956.0,1935.0,13.0,8.0
171,1956,HIVTFDGQNFK,P04275,1967.0,1943.0,11.0,13.0
172,1967,LTGSCSYVLFQNK,P04275,1980.0,1956.0,13.0,11.0
173,1980,EQDLEVILHNGACSPGAR,P04275,2008.0,1967.0,28.0,13.0
176,2008,HSALSVELHSDMEVTVNGR,P04275,2027.0,1980.0,19.0,28.0
177,2027,LVSVPYVGGNMEVNVYGAIMHEVR,P04275,2051.0,2008.0,24.0,19.0
178,2051,FNHLGHIFTFTPQNNEFQLQLSPK,P04275,2080.0,2027.0,29.0,24.0
180,2080,TYGLCGICDENGANDFMLR,P04275,2099.0,2051.0,19.0,29.0
181,2099,DGTVTTDWK,P04275,2108.0,2080.0,9.0,19.0
182,2108,TLVQEWTVQRPGQTCQPILEEQCLVPDSSHCQVLLLPLFAECHK,P04275,2152.0,2099.0,44.0,9.0
183,2152,VLAPATFYAICQQDSCHQEQVCEVIASYAHLCR,P04275,2185.0,2108.0,33.0,44.0
184,2185,TNGVCVDWR,P04275,2194.0,2152.0,9.0,33.0
185,2194,TPDFCAMSCPPSLVYNHCEHGCPR,P04275,2218.0,2185.0,24.0,9.0
186,2218,HCDGNVSSCGDHPSEGCFCPPDK,P04275,2241.0,2194.0,23.0,24.0
187,2241,VMLEGSCVPEEACTQCIGEDGVQHQFLEAWVPDHQPCQICTCLSGR,P04275,2288.0,2218.0,47.0,23.0
189,2288,VNCTTQPCPTAK,P04275,2300.0,2241.0,12.0,47.0
190,2300,APTCGLCEVAR,P04275,2313.0,2288.0,13.0,12.0
192,2313,QNADQCCPEYECVCDPVSCDLPPVPHCER,P04275,2342.0,2300.0,29.0,13.0
193,2342,GLQPTLTNPGECRPNFTCACR,P04275,2369.0,2313.0,27.0,29.0
197,2369,VSPPSCPPHR,P04275,2385.0,2342.0,16.0,27.0
200,2385,TQCCDEYECACNCVNSTVSCPLGYLASTATNDCGCTTTTCLPDK,P04275,2434.0,2369.0,49.0,16.0
202,2434,STIYPVGQFWEEGCDVCTCTDMEDAVMGLR,P04275,2464.0,2385.0,30.0,49.0
203,2464,VAQCSQKPCEDSCR,P04275,2478.0,2434.0,14.0,30.0
204,2478,SGFTYVLHEGECCGR,P04275,2493.0,2464.0,15.0,14.0
205,2493,CLPSACEVVTGSPR,P04275,2507.0,2478.0,14.0,15.0
206,2507,GDSQSSWK,P04275,2515.0,2493.0,8.0,14.0
207,2515,SVGSQWASPENPCLINECVR,P04275,2537.0,2507.0,22.0,8.0
209,2537,EEVFIQQR,P04275,2545.0,2515.0,8.0,22.0
210,2545,NVSCPQLEVPVCPSGFQLSCK,P04275,2566.0,2537.0,21.0,8.0
211,2566,TSACCPSCR,P04275,2578.0,2545.0,12.0,21.0
213,2578,MEACMLNGTVIGPGK,P04275,2593.0,2566.0,15.0,12.0
214,2593,TVMIDVCTTCR,P04275,2604.0,2578.0,11.0,15.0
215,2604,CMVQVGVISGFK,P04275,2621.0,2593.0,17.0,11.0
218,2621,TTCNPCPLGYK,P04275,2632.0,2604.0,11.0,17.0
219,2632,EENNTGECCGR,P04275,2643.0,2621.0,11.0,11.0
220,2643,CLPTACTIQLR,P04275,2654.0,2632.0,11.0,11.0
221,2654,GGQIMTLK,P04275,2663.0,2643.0,9.0,11.0
223,2663,DETLQDGCDTHFCK,P04275,2681.0,2654.0,18.0,9.0
225,2681,GEYFWEK,P04275,2689.0,2663.0,8.0,18.0
227,2689,VTGCPPFDEHK,P04275,2700.0,2681.0,11.0,8.0
228,2700,CLAEGGK,P04275,2710.0,2689.0,10.0,11.0
230,2710,IPGTCCDTCEEPECNDITAR,P04275,2740.0,2700.0,30.0,10.0
233,2740,SEVEVDIHYCQGK,P04275,2757.0,2710.0,17.0,30.0
235,2757,AMYSIDINDVQDQCSCCSPTR,P04275,2778.0,2740.0,21.0,17.0
236,2778,TEPMQVALHCTNGSVVYHEVLNAMECK,P04275,5.0,2757.0,-2773.0,21.0
163,1870,LCSGFVR,P01034,1877.0,1853.0,7.0,17.0
164,1877,ICMDEDGNEK,P01034,1887.0,1870.0,10.0,7.0
165,1887,RPGDVWTLPDQCHTVTCQPDGQTLLK,P01034,1921.0,1877.0,34.0,10.0
168,1921,GLRPSCPNSQSPVK,P01034,1935.0,1887.0,14.0,34.0
169,1935,VEETCGCR,P01034,1943.0,1921.0,8.0,14.0
170,1943,WTCPCVCTGSSTR,P01034,1956.0,1935.0,13.0,8.0
171,1956,HIVTFDGQNFK,P01034,1967.0,1943.0,11.0,13.0
172,1967,LTGSCSYVLFQNK,P01034,1980.0,1956.0,13.0,11.0
173,1980,EQDLEVILHNGACSPGAR,P01034,2008.0,1967.0,28.0,13.0
176,2008,HSALSVELHSDMEVTVNGR,P01034,2027.0,1980.0,19.0,28.0
177,2027,LVSVPYVGGNMEVNVYGAIMHEVR,P01034,2051.0,2008.0,24.0,19.0
178,2051,FNHLGHIFTFTPQNNEFQLQLSPK,P01034,2080.0,2027.0,29.0,24.0
180,2080,TYGLCGICDENGANDFMLR,P01034,2099.0,2051.0,19.0,29.0
181,2099,DGTVTTDWK,P01034,2108.0,2080.0,9.0,19.0
182,2108,TLVQEWTVQRPGQTCQPILEEQCLVPDSSHCQVLLLPLFAECHK,P01034,2152.0,2099.0,44.0,9.0
183,2152,VLAPATFYAICQQDSCHQEQVCEVIASYAHLCR,P01034,2185.0,2108.0,33.0,44.0
184,2185,TNGVCVDWR,P01034,2194.0,2152.0,9.0,33.0
185,2194,TPDFCAMSCPPSLVYNHCEHGCPR,P01034,2218.0,2185.0,24.0,9.0
186,2218,HCDGNVSSCGDHPSEGCFCPPDK,P01034,2241.0,2194.0,23.0,24.0
187,2241,VMLEGSCVPEEACTQCIGEDGVQHQFLEAWVPDHQPCQICTCLSGR,P01034,2288.0,2218.0,47.0,23.0
189,2288,VNCTTQPCPTAK,P01034,2300.0,2241.0,12.0,47.0
190,2300,APTCGLCEVAR,P01034,2313.0,2288.0,13.0,12.0
192,2313,QNADQCCPEYECVCDPVSCDLPPVPHCER,P01034,2342.0,2300.0,29.0,13.0
193,2342,GLQPTLTNPGECRPNFTCACR,P01034,2369.0,2313.0,27.0,29.0
197,2369,VSPPSCPPHR,P01034,2385.0,2342.0,16.0,27.0
200,2385,TQCCDEYECACNCVNSTVSCPLGYLASTATNDCGCTTTTCLPDK,P01034,2434.0,2369.0,49.0,16.0
202,2434,STIYPVGQFWEEGCDVCTCTDMEDAVMGLR,P01034,2464.0,2385.0,30.0,49.0
203,2464,VAQCSQKPCEDSCR,P01034,2478.0,2434.0,14.0,30.0
204,2478,SGFTYVLHEGECCGR,P01034,2493.0,2464.0,15.0,14.0
205,2493,CLPSACEVVTGSPR,P01034,2507.0,2478.0,14.0,15.0
206,2507,GDSQSSWK,P01034,2515.0,2493.0,8.0,14.0
207,2515,SVGSQWASPENPCLINECVR,P01034,2537.0,2507.0,22.0,8.0
209,2537,EEVFIQQR,P01034,2545.0,2515.0,8.0,22.0
210,2545,NVSCPQLEVPVCPSGFQLSCK,P01034,2566.0,2537.0,21.0,8.0
211,2566,TSACCPSCR,P01034,2578.0,2545.0,12.0,21.0
213,2578,MEACMLNGTVIGPGK,P01034,2593.0,2566.0,15.0,12.0
214,2593,TVMIDVCTTCR,P01034,2604.0,2578.0,11.0,15.0
215,2604,CMVQVGVISGFK,P01034,2621.0,2593.0,17.0,11.0
218,2621,TTCNPCPLGYK,P01034,2632.0,2604.0,11.0,17.0
219,2632,EENNTGECCGR,P01034,2643.0,2621.0,11.0,11.0
220,2643,CLPTACTIQLR,P01034,2654.0,2632.0,11.0,11.0
221,2654,GGQIMTLK,P01034,2663.0,2643.0,9.0,11.0
223,2663,DETLQDGCDTHFCK,P01034,2681.0,2654.0,18.0,9.0
225,2681,GEYFWEK,P01034,2689.0,2663.0,8.0,18.0
227,2689,VTGCPPFDEHK,P01034,2700.0,2681.0,11.0,8.0
228,2700,CLAEGGK,P01034,2710.0,2689.0,10.0,11.0
230,2710,IPGTCCDTCEEPECNDITAR,P01034,2740.0,2700.0,30.0,10.0
233,2740,SEVEVDIHYCQGK,P01034,2757.0,2710.0,17.0,30.0
235,2757,AMYSIDINDVQDQCSCCSPTR,P01034,2778.0,2740.0,21.0,17.0
236,2778,TEPMQVALHCTNGSVVYHEVLNAMECK,P01034,5.0,2757.0,-2773.0,21.0
163,1870,LCSGFVR,P02786,1877.0,1853.0,7.0,17.0
164,1877,ICMDEDGNEK,P02786,1887.0,1870.0,10.0,7.0
165,1887,RPGDVWTLPDQCHTVTCQPDGQTLLK,P02786,1921.0,1877.0,34.0,10.0
168,1921,GLRPSCPNSQSPVK,P02786,1935.0,1887.0,14.0,34.0
169,1935,VEETCGCR,P02786,1943.0,1921.0,8.0,14.0
170,1943,WTCPCVCTGSSTR,P02786,1956.0,1935.0,13.0,8.0
171,1956,HIVTFDGQNFK,P02786,1967.0,1943.0,11.0,13.0
172,1967,LTGSCSYVLFQNK,P02786,1980.0,1956.0,13.0,11.0
173,1980,EQDLEVILHNGACSPGAR,P02786,2008.0,1967.0,28.0,13.0
176,2008,HSALSVELHSDMEVTVNGR,P02786,2027.0,1980.0,19.0,28.0
177,2027,LVSVPYVGGNMEVNVYGAIMHEVR,P02786,2051.0,2008.0,24.0,19.0
178,2051,FNHLGHIFTFTPQNNEFQLQLSPK,P02786,2080.0,2027.0,29.0,24.0
180,2080,TYGLCGICDENGANDFMLR,P02786,2099.0,2051.0,19.0,29.0
181,2099,DGTVTTDWK,P02786,2108.0,2080.0,9.0,19.0
182,2108,TLVQEWTVQRPGQTCQPILEEQCLVPDSSHCQVLLLPLFAECHK,P02786,2152.0,2099.0,44.0,9.0
183,2152,VLAPATFYAICQQDSCHQEQVCEVIASYAHLCR,P02786,2185.0,2108.0,33.0,44.0
184,2185,TNGVCVDWR,P02786,2194.0,2152.0,9.0,33.0
185,2194,TPDFCAMSCPPSLVYNHCEHGCPR,P02786,2218.0,2185.0,24.0,9.0
186,2218,HCDGNVSSCGDHPSEGCFCPPDK,P02786,2241.0,2194.0,23.0,24.0
187,2241,VMLEGSCVPEEACTQCIGEDGVQHQFLEAWVPDHQPCQICTCLSGR,P02786,2288.0,2218.0,47.0,23.0
189,2288,VNCTTQPCPTAK,P02786,2300.0,2241.0,12.0,47.0
190,2300,APTCGLCEVAR,P02786,2313.0,2288.0,13.0,12.0
192,2313,QNADQCCPEYECVCDPVSCDLPPVPHCER,P02786,2342.0,2300.0,29.0,13.0
193,2342,GLQPTLTNPGECRPNFTCACR,P02786,2369.0,2313.0,27.0,29.0
197,2369,VSPPSCPPHR,P02786,2385.0,2342.0,16.0,27.0
200,2385,TQCCDEYECACNCVNSTVSCPLGYLASTATNDCGCTTTTCLPDK,P02786,2434.0,2369.0,49.0,16.0
202,2434,STIYPVGQFWEEGCDVCTCTDMEDAVMGLR,P02786,2464.0,2385.0,30.0,49.0
203,2464,VAQCSQKPCEDSCR,P02786,2478.0,2434.0,14.0,30.0
204,2478,SGFTYVLHEGECCGR,P02786,2493.0,2464.0,15.0,14.0
205,2493,CLPSACEVVTGSPR,P02786,2507.0,2478.0,14.0,15.0
206,2507,GDSQSSWK,P02786,2515.0,2493.0,8.0,14.0
207,2515,SVGSQWASPENPCLINECVR,P02786,2537.0,2507.0,22.0,8.0
209,2537,EEVFIQQR,P02786,2545.0,2515.0,8.0,22.0
210,2545,NVSCPQLEVPVCPSGFQLSCK,P02786,2566.0,2537.0,21.0,8.0
211,2566,TSACCPSCR,P02786,2578.0,2545.0,12.0,21.0
213,2578,MEACMLNGTVIGPGK,P02786,2593.0,2566.0,15.0,12.0
214,2593,TVMIDVCTTCR,P02786,2604.0,2578.0,11.0,15.0
215,2604,CMVQVGVISGFK,P02786,2621.0,2593.0,17.0,11.0
218,2621,TTCNPCPLGYK,P02786,2632.0,2604.0,11.0,17.0
219,2632,EENNTGECCGR,P02786,2643.0,2621.0,11.0,11.0
220,2643,CLPTACTIQLR,P02786,2654.0,2632.0,11.0,11.0
221,2654,GGQIMTLK,P02786,2663.0,2643.0,9.0,11.0
223,2663,DETLQDGCDTHFCK,P02786,2681.0,2654.0,18.0,9.0
225,2681,GEYFWEK,P02786,2689.0,2663.0,8.0,18.0
227,2689,VTGCPPFDEHK,P02786,2700.0,2681.0,11.0,8.0
228,2700,CLAEGGK,P02786,2710.0,2689.0,10.0,11.0
230,2710,IPGTCCDTCEEPECNDITAR,P02786,2740.0,2700.0,30.0,10.0
233,2740,SEVEVDIHYCQGK,P02786,2757.0,2710.0,17.0,30.0
235,2757,AMYSIDINDVQDQCSCCSPTR,P02786,2778.0,2740.0,21.0,17.0
236,2778,TEPMQVALHCTNGSVVYHEVLNAMECK,P02786,5.0,2757.0,-2773.0,21.0
163,1870,LCSGFVR,P02794,1877.0,1853.0,7.0,17.0
164,1877,ICMDEDGNEK,P02794,1887.0,1870.0,10.0,7.0
165,1887,RPGDVWTLPDQCHTVTCQPDGQTLLK,P02794,1921.0,1877.0,34.0,10.0
168,1921,GLRPSCPNSQSPVK,P02794,1935.0,1887.0,14.0,34.0
169,1935,VEETCGCR,P02794,1943.0,1921.0,8.0,14.0
170,1943,WTCPCVCTGSSTR,P02794,1956.0,1935.0,13.0,8.0
171,1956,HIVTFDGQNFK,P02794,1967.0,1943.0,11.0,13.0
172,1967,LTGSCSYVLFQNK,P02794,1980.0,1956.0,13.0,11.0
173,1980,EQDLEVILHNGACSPGAR,P02794,2008.0,1967.0,28.0,13.0
176,2008,HSALSVELHSDMEVTVNGR,P02794,2027.0,1980.0,19.0,28.0
177,2027,LVSVPYVGGNMEVNVYGAIMHEVR,P02794,2051.0,2008.0,24.0,19.0
178,2051,FNHLGHIFTFTPQNNEFQLQLSPK,P02794,2080.0,2027.0,29.0,24.0
180,2080,TYGLCGICDENGANDFMLR,P02794,2099.0,2051.0,19.0,29.0
181,2099,DGTVTTDWK,P02794,2108.0,2080.0,9.0,19.0
182,2108,TLVQEWTVQRPGQTCQPILEEQCLVPDSSHCQVLLLPLFAECHK,P02794,2152.0,2099.0,44.0,9.0
183,2152,VLAPATFYAICQQDSCHQEQVCEVIASYAHLCR,P02794,2185.0,2108.0,33.0,44.0
184,2185,TNGVCVDWR,P02794,2194.0,2152.0,9.0,33.0
185,2194,TPDFCAMSCPPSLVYNHCEHGCPR,P02794,2218.0,2185.0,24.0,9.0
186,2218,HCDGNVSSCGDHPSEGCFCPPDK,P02794,2241.0,2194.0,23.0,24.0
187,2241,VMLEGSCVPEEACTQCIGEDGVQHQFLEAWVPDHQPCQICTCLSGR,P02794,2288.0,2218.0,47.0,23.0
189,2288,VNCTTQPCPTAK,P02794,2300.0,2241.0,12.0,47.0
190,2300,APTCGLCEVAR,P02794,2313.0,2288.0,13.0,12.0
192,2313,QNADQCCPEYECVCDPVSCDLPPVPHCER,P02794,2342.0,2300.0,29.0,13.0
193,2342,GLQPTLTNPGECRPNFTCACR,P02794,2369.0,2313.0,27.0,29.0
197,2369,VSPPSCPPHR,P02794,2385.0,2342.0,16.0,27.0
200,2385,TQCCDEYECACNCVNSTVSCPLGYLASTATNDCGCTTTTCLPDK,P02794,2434.0,2369.0,49.0,16.0
202,2434,STIYPVGQFWEEGCDVCTCTDMEDAVMGLR,P02794,2464.0,2385.0,30.0,49.0
203,2464,VAQCSQKPCEDSCR,P02794,2478.0,2434.0,14.0,30.0
204,2478,SGFTYVLHEGECCGR,P02794,2493.0,2464.0,15.0,14.0
205,2493,CLPSACEVVTGSPR,P02794,2507.0,2478.0,14.0,15.0
206,2507,GDSQSSWK,P02794,2515.0,2493.0,8.0,14.0
207,2515,SVGSQWASPENPCLINECVR,P02794,2537.0,2507.0,22.0,8.0
209,2537,EEVFIQQR,P02794,2545.0,2515.0,8.0,22.0
210,2545,NVSCPQLEVPVCPSGFQLSCK,P02794,2566.0,2537.0,21.0,8.0
211,2566,TSACCPSCR,P02794,2578.0,2545.0,12.0,21.0
213,2578,MEACMLNGTVIGPGK,P02794,2593.0,2566.0,15.0,12.0
214,2593,TVMIDVCTTCR,P02794,2604.0,2578.0,11.0,15.0
215,2604,CMVQVGVISGFK,P02794,2621.0,2593.0,17.0,11.0
218,2621,TTCNPCPLGYK,P02794,2632.0,2604.0,11.0,17.0
219,2632,EENNTGECCGR,P02794,2643.0,2621.0,11.0,11.0
220,2643,CLPTACTIQLR,P02794,2654.0,2632.0,11.0,11.0
221,2654,GGQIMTLK,P02794,2663.0,2643.0,9.0,11.0
223,2663,DETLQDGCDTHFCK,P02794,2681.0,2654.0,18.0,9.0
225,2681,GEYFWEK,P02794,2689.0,2663.0,8.0,18.0
227,2689,VTGCPPFDEHK,P02794,2700.0,2681.0,11.0,8.0
228,2700,CLAEGGK,P02794,2710.0,2689.0,10.0,11.0
230,2710,IPGTCCDTCEEPECNDITAR,P02794,2740.0,2700.0,30.0,10.0
233,2740,SEVEVDIHYCQGK,P02794,2757.0,2710.0,17.0,30.0
235,2757,AMYSIDINDVQDQCSCCSPTR,P02794,2778.0,2740.0,21.0,17.0
236,2778,TEPMQVALHCTNGSVVYHEVLNAMECK,P02794,5.0,2757.0,-2773.0,21.0
163,1870,LCSGFVR,P01024,1877.0,1853.0,7.0,17.0
164,1877,ICMDEDGNEK,P01024,1887.0,1870.0,10.0,7.0
165,1887,RPGDVWTLPDQCHTVTCQPDGQTLLK,P01024,1921.0,1877.0,34.0,10.0
168,1921,GLRPSCPNSQSPVK,P01024,1935.0,1887.0,14.0,34.0
169,1935,VEETCGCR,P01024,1943.0,1921.0,8.0,14.0
170,1943,WTCPCVCTGSSTR,P01024,1956.0,1935.0,13.0,8.0
171,1956,HIVTFDGQNFK,P01024,1967.0,1943.0,11.0,13.0
172,1967,LTGSCSYVLFQNK,P01024,1980.0,1956.0,13.0,11.0
173,1980,EQDLEVILHNGACSPGAR,P01024,2008.0,1967.0,28.0,13.0
176,2008,HSALSVELHSDMEVTVNGR,P01024,2027.0,1980.0,19.0,28.0
177,2027,LVSVPYVGGNMEVNVYGAIMHEVR,P01024,2051.0,2008.0,24.0,19.0
178,2051,FNHLGHIFTFTPQNNEFQLQLSPK,P01024,2080.0,2027.0,29.0,24.0
180,2080,TYGLCGICDENGANDFMLR,P01024,2099.0,2051.0,19.0,29.0
181,2099,DGTVTTDWK,P01024,2108.0,2080.0,9.0,19.0
182,2108,TLVQEWTVQRPGQTCQPILEEQCLVPDSSHCQVLLLPLFAECHK,P01024,2152.0,2099.0,44.0,9.0
183,2152,VLAPATFYAICQQDSCHQEQVCEVIASYAHLCR,P01024,2185.0,2108.0,33.0,44.0
184,2185,TNGVCVDWR,P01024,2194.0,2152.0,9.0,33.0
185,2194,TPDFCAMSCPPSLVYNHCEHGCPR,P01024,2218.0,2185.0,24.0,9.0
186,2218,HCDGNVSSCGDHPSEGCFCPPDK,P01024,2241.0,2194.0,23.0,24.0
187,2241,VMLEGSCVPEEACTQCIGEDGVQHQFLEAWVPDHQPCQICTCLSGR,P01024,2288.0,2218.0,47.0,23.0
189,2288,VNCTTQPCPTAK,P01024,2300.0,2241.0,12.0,47.0
190,2300,APTCGLCEVAR,P01024,2313.0,2288.0,13.0,12.0
192,2313,QNADQCCPEYECVCDPVSCDLPPVPHCER,P01024,2342.0,2300.0,29.0,13.0
193,2342,GLQPTLTNPGECRPNFTCACR,P01024,2369.0,2313.0,27.0,29.0
197,2369,VSPPSCPPHR,P01024,2385.0,2342.0,16.0,27.0
200,2385,TQCCDEYECACNCVNSTVSCPLGYLASTATNDCGCTTTTCLPDK,P01024,2434.0,2369.0,49.0,16.0
202,2434,STIYPVGQFWEEGCDVCTCTDMEDAVMGLR,P01024,2464.0,2385.0,30.0,49.0
203,2464,VAQCSQKPCEDSCR,P01024,2478.0,2434.0,14.0,30.0
204,2478,SGFTYVLHEGECCGR,P01024,2493.0,2464.0,15.0,14.0
205,2493,CLPSACEVVTGSPR,P01024,2507.0,2478.0,14.0,15.0
206,2507,GDSQSSWK,P01024,2515.0,2493.0,8.0,14.0
207,2515,SVGSQWASPENPCLINECVR,P01024,2537.0,2507.0,22.0,8.0
209,2537,EEVFIQQR,P01024,2545.0,2515.0,8.0,22.0
210,2545,NVSCPQLEVPVCPSGFQLSCK,P01024,2566.0,2537.0,21.0,8.0
211,2566,TSACCPSCR,P01024,2578.0,2545.0,12.0,21.0
213,2578,MEACMLNGTVIGPGK,P01024,2593.0,2566.0,15.0,12.0
214,2593,TVMIDVCTTCR,P01024,2604.0,2578.0,11.0,15.0
215,2604,CMVQVGVISGFK,P01024,2621.0,2593.0,17.0,11.0
218,2621,TTCNPCPLGYK,P01024,2632.0,2604.0,11.0,17.0
219,2632,EENNTGECCGR,P01024,2643.0,2621.0,11.0,11.0
220,2643,CLPTACTIQLR,P01024,2654.0,2632.0,11.0,11.0
221,2654,GGQIMTLK,P01024,2663.0,2643.0,9.0,11.0
223,2663,DETLQDGCDTHFCK,P01024,2681.0,2654.0,18.0,9.0
225,2681,GEYFWEK,P01024,2689.0,2663.0,8.0,18.0
227,2689,VTGCPPFDEHK,P01024,2700.0,2681.0,11.0,8.0
228,2700,CLAEGGK,P01024,2710.0,2689.0,10.0,11.0
230,2710,IPGTCCDTCEEPECNDITAR,P01024,2740.0,2700.0,30.0,10.0
233,2740,SEVEVDIHYCQGK,P01024,2757.0,2710.0,17.0,30.0
235,2757,AMYSIDINDVQDQCSCCSPTR,P01024,2778.0,2740.0,21.0,17.0
236,2778,TEPMQVALHCTNGSVVYHEVLNAMECK,P01024,0.0,2757.0,-2778.0,21.0
